GROUP,PACKAGE,CLASS,INSTRUCTION_MISSED,INSTRUCTION_COVERED,BRANCH_MISSED,BRANCH_COVERED,LINE_MISSED,LINE_COVERED,COMPLEXITY_MISSED,COMPLEXITY_COVERED,METHOD_MISSED,METHOD_COVERED
Personal Finance Backend,com.example.personalfinance.domain.bond,CouponFrequency,0,47,0,0,0,5,0,4,0,4
Personal Finance Backend,com.example.personalfinance.domain.bond,Bond,0,81,0,4,0,9,0,4,0,2
Personal Finance Backend,com.example.personalfinance.domain.bond,Bond.CouponItem,0,18,0,0,0,1,0,1,0,1
Personal Finance Backend,com.example.personalfinance.domain.transaction,TransactionStatus,0,15,0,0,0,1,0,1,0,1
Personal Finance Backend,com.example.personalfinance.domain.transaction,TransactionType,0,198,0,28,0,19,0,24,0,9
Personal Finance Backend,com.example.personalfinance.domain.transaction,Transaction,0,33,0,0,0,9,0,2,0,2
Personal Finance Backend,com.example.personalfinance.controller,AuthController,0,25,0,0,0,4,0,4,0,4
Personal Finance Backend,com.example.personalfinance.controller,AccountController,0,39,0,0,0,5,0,5,0,5
Personal Finance Backend,com.example.personalfinance.controller,BondLiabilityController,0,45,0,0,0,6,0,6,0,6
Personal Finance Backend,com.example.personalfinance.controller,ReportController,0,91,0,8,0,10,0,14,0,10
Personal Finance Backend,com.example.personalfinance.controller,PlanningController,0,40,0,0,0,6,0,5,0,5
Personal Finance Backend,com.example.personalfinance.controller,TransactionController,0,100,0,0,0,10,0,6,0,6
Personal Finance Backend,com.example.personalfinance.controller,PortfolioController,0,126,0,4,0,14,0,16,0,14
Personal Finance Backend,com.example.personalfinance.domain.asset,QuantityUnit,0,63,0,0,0,1,0,1,0,1
Personal Finance Backend,com.example.personalfinance.domain.asset,Asset,0,6,0,0,0,2,0,1,0,1
Personal Finance Backend,com.example.personalfinance.domain.asset,AssetType,0,84,0,0,0,7,0,3,0,3
Personal Finance Backend,com.example.personalfinance.exception,GlobalExceptionHandler,0,59,0,0,0,11,0,7,0,7
Personal Finance Backend,com.example.personalfinance.exception,ApiException,0,10,0,0,0,4,0,1,0,1
Personal Finance Backend,com.example.personalfinance.exception,UnbalancedJournalException,0,6,0,0,0,2,0,1,0,1
Personal Finance Backend,com.example.personalfinance.exception,InsufficientQuantityException,0,5,0,0,0,2,0,1,0,1
Personal Finance Backend,com.example.personalfinance.exception,BusinessException,0,6,0,0,0,2,0,1,0,1
Personal Finance Backend,com.example.personalfinance.exception,NotFoundException,0,7,0,0,0,2,0,1,0,1
Personal Finance Backend,com.example.personalfinance.domain.planning,Budget,0,3,0,0,0,1,0,1,0,1
Personal Finance Backend,com.example.personalfinance.domain.liability,LiabilityType,0,35,0,0,0,4,0,3,0,3
Personal Finance Backend,com.example.personalfinance.domain.liability,Liability,0,6,0,0,0,2,0,1,0,1
Personal Finance Backend,com.example.personalfinance.mapper,DtoMapper,0,280,0,18,0,22,0,17,0,8
Personal Finance Backend,com.example.personalfinance.domain.reconciliation,Reconciliation,0,3,0,0,0,1,0,1,0,1
Personal Finance Backend,com.example.personalfinance.domain.reconciliation,ReconciliationStatus,0,21,0,0,0,1,0,1,0,1
Personal Finance Backend,com.example.personalfinance.domain.account,AccountCategory,0,49,0,0,0,5,0,3,0,3
Personal Finance Backend,com.example.personalfinance.domain.account,Account,0,6,0,0,0,2,0,1,0,1
Personal Finance Backend,com.example.personalfinance.service,ReconciliationService,0,105,0,4,0,18,0,5,0,3
Personal Finance Backend,com.example.personalfinance.service,AccountService,0,134,0,0,0,19,0,8,0,8
Personal Finance Backend,com.example.personalfinance.service,AuthService,0,107,0,2,0,16,0,4,0,3
Personal Finance Backend,com.example.personalfinance.service,ReportService,0,433,0,24,0,37,0,19,0,7
Personal Finance Backend,com.example.personalfinance.service,TransactionService.Filter,0,21,0,0,0,1,0,1,0,1
Personal Finance Backend,com.example.personalfinance.service,PortfolioService,0,456,0,28,0,68,0,30,0,16
Personal Finance Backend,com.example.personalfinance.service,LedgerService.LedgerSnapshot,0,107,0,6,0,7,0,13,0,10
Personal Finance Backend,com.example.personalfinance.service,BudgetService,0,166,0,6,0,21,0,11,0,8
Personal Finance Backend,com.example.personalfinance.service,CashFlowService,0,79,0,2,0,8,0,6,0,5
Personal Finance Backend,com.example.personalfinance.service,NetWorthService,0,138,0,8,0,16,0,7,0,3
Personal Finance Backend,com.example.personalfinance.service,LiabilityService,0,105,0,2,0,15,0,6,0,5
Personal Finance Backend,com.example.personalfinance.service,LedgerService,0,86,0,4,0,11,0,5,0,3
Personal Finance Backend,com.example.personalfinance.service,AssetService,0,142,0,4,0,22,0,9,0,7
Personal Finance Backend,com.example.personalfinance.service,BondService,0,152,0,6,0,22,0,10,0,7
Personal Finance Backend,com.example.personalfinance.service,AccountingService,0,441,0,20,0,46,0,24,0,9
Personal Finance Backend,com.example.personalfinance.service,ChartOfAccountService,0,131,0,0,0,11,0,9,0,9
Personal Finance Backend,com.example.personalfinance.service,ProfitLossService,0,97,0,0,0,14,0,2,0,2
Personal Finance Backend,com.example.personalfinance.service,BalanceSheetService,0,71,0,2,0,10,0,2,0,1
Personal Finance Backend,com.example.personalfinance.service,TransactionService,0,716,0,68,0,111,0,52,0,18
Personal Finance Backend,com.example.personalfinance.domain.common,BaseEntity,0,3,0,0,0,1,0,1,0,1
Personal Finance Backend,com.example.personalfinance.domain.common,Money,0,20,0,2,0,3,0,4,0,3
Personal Finance Backend,com.example.personalfinance.domain.portfolio,LotConsumption,0,21,0,0,0,4,0,2,0,2
Personal Finance Backend,com.example.personalfinance.domain.portfolio,CostBasisEngine.Slice,0,12,0,0,0,1,0,1,0,1
Personal Finance Backend,com.example.personalfinance.domain.portfolio,StockLot,0,66,0,4,0,15,0,7,0,5
Personal Finance Backend,com.example.personalfinance.domain.portfolio,CostBasisEngine,0,183,0,27,0,31,0,18,0,4
Personal Finance Backend,com.example.personalfinance.domain.portfolio,LotStatus,0,21,0,0,0,1,0,1,0,1
Personal Finance Backend,com.example.personalfinance.domain.portfolio,CostBasisMethod,0,21,0,0,0,1,0,1,0,1
Personal Finance Backend,com.example.personalfinance.repository.projection,AssetAmount,0,9,0,0,0,1,0,1,0,1
Personal Finance Backend,com.example.personalfinance.repository.projection,CashFlowRow,0,9,0,0,0,1,0,1,0,1
Personal Finance Backend,com.example.personalfinance.repository.projection,PositionRow,0,12,0,0,0,1,0,1,0,1
Personal Finance Backend,com.example.personalfinance.repository.projection,MonthlyDelta,0,15,0,0,0,1,0,1,0,1
Personal Finance Backend,com.example.personalfinance.repository.projection,LedgerBalance,0,12,0,0,0,1,0,1,0,1
Personal Finance Backend,com.example.personalfinance.domain.cashflow,CashFlowCategory,0,27,0,0,0,1,0,1,0,1
Personal Finance Backend,com.example.personalfinance.domain.accounting,ChartOfAccountsTemplate,0,346,0,0,0,1,0,1,0,1
Personal Finance Backend,com.example.personalfinance.domain.accounting,LedgerType,0,43,0,4,0,3,0,4,0,2
Personal Finance Backend,com.example.personalfinance.domain.accounting,JournalEntry,0,41,0,0,0,9,0,3,0,3
Personal Finance Backend,com.example.personalfinance.domain.accounting,Journal,0,49,0,2,0,10,0,4,0,3
Personal Finance Backend,com.example.personalfinance.domain.accounting,ChartOfAccountsTemplate.Row,0,18,0,0,0,1,0,1,0,1
Personal Finance Backend,com.example.personalfinance.domain.accounting,ChartOfAccount,0,30,0,0,0,4,0,2,0,2
Personal Finance Backend,com.example.personalfinance.security,JwtAuthenticationFilter,0,39,0,4,0,10,0,3,0,1
Personal Finance Backend,com.example.personalfinance.security,UserPrincipal,0,20,0,0,0,4,0,4,0,4
Personal Finance Backend,com.example.personalfinance.security,JwtService,0,47,0,0,0,13,0,3,0,3
Personal Finance Backend,com.example.personalfinance.security,CustomUserDetailsService,0,30,0,0,0,4,0,4,0,4
Personal Finance Backend,com.example.personalfinance.dto.request,PriceUpdateRequest,0,9,0,0,0,1,0,1,0,1
Personal Finance Backend,com.example.personalfinance.dto.request,RegisterRequest,0,12,0,0,0,1,0,1,0,1
Personal Finance Backend,com.example.personalfinance.dto.request,LoginRequest,0,9,0,0,0,1,0,1,0,1
Personal Finance Backend,com.example.personalfinance.dto.request,AssetRequest,0,24,0,0,0,1,0,1,0,1
Personal Finance Backend,com.example.personalfinance.dto.request,ReconciliationRequest,0,15,0,0,0,1,0,1,0,1
Personal Finance Backend,com.example.personalfinance.dto.request,LiabilityRequest,0,27,0,0,0,1,0,1,0,1
Personal Finance Backend,com.example.personalfinance.dto.request,BudgetRequest,0,12,0,0,0,1,0,1,0,1
Personal Finance Backend,com.example.personalfinance.dto.request,SettingsRequest,0,12,0,0,0,1,0,1,0,1
Personal Finance Backend,com.example.personalfinance.dto.request,AccountRequest,0,15,0,0,0,1,0,1,0,1
Personal Finance Backend,com.example.personalfinance.dto.request,BondRequest,0,30,0,0,0,1,0,1,0,1
Personal Finance Backend,com.example.personalfinance.dto.request,TransactionRequest,0,66,0,0,0,1,0,1,0,1
Personal Finance Backend,com.example.personalfinance.config,SecurityConfig,0,94,0,0,0,19,0,9,0,9
Personal Finance Backend,com.example.personalfinance.config,JpaConfig,0,3,0,0,0,1,0,1,0,1
Personal Finance Backend,com.example.personalfinance.config,JacksonConfig,0,22,0,0,0,4,0,3,0,3
Personal Finance Backend,com.example.personalfinance.config,DemoDataSeeder,0,961,0,4,0,55,0,6,0,4
Personal Finance Backend,com.example.personalfinance.dto.response,AssetResponse,0,57,0,0,0,1,0,1,0,1
Personal Finance Backend,com.example.personalfinance.dto.response,DashboardResponse,0,36,0,0,0,1,0,1,0,1
Personal Finance Backend,com.example.personalfinance.dto.response,BondResponse,0,42,0,0,0,1,0,1,0,1
Personal Finance Backend,com.example.personalfinance.dto.response,IncomeExpenseResponse,0,24,0,0,0,1,0,1,0,1
Personal Finance Backend,com.example.personalfinance.dto.response,ChartOfAccountResponse,0,27,0,0,0,1,0,1,0,1
Personal Finance Backend,com.example.personalfinance.dto.response,TransactionDetailResponse,0,24,0,0,0,1,0,1,0,1
Personal Finance Backend,com.example.personalfinance.dto.response,LotConsumptionResponse,0,15,0,0,0,1,0,1,0,1
Personal Finance Backend,com.example.personalfinance.dto.response,JournalEntryResponse,0,18,0,0,0,1,0,1,0,1
Personal Finance Backend,com.example.personalfinance.dto.response,LiabilityResponse,0,39,0,0,0,1,0,1,0,1
Personal Finance Backend,com.example.personalfinance.dto.response,ReconciliationResponse,0,30,0,0,0,1,0,1,0,1
Personal Finance Backend,com.example.personalfinance.dto.response,BudgetResponse,0,30,0,0,0,1,0,1,0,1
Personal Finance Backend,com.example.personalfinance.dto.response,InvestmentIncomeResponse,0,33,0,0,0,1,0,1,0,1
Personal Finance Backend,com.example.personalfinance.dto.response,UserResponse,0,18,0,0,0,1,0,1,0,1
Personal Finance Backend,com.example.personalfinance.dto.response,BalanceSheetResponse,0,27,0,0,0,1,0,1,0,1
Personal Finance Backend,com.example.personalfinance.dto.response,LineItem,0,12,0,0,0,1,0,1,0,1
Personal Finance Backend,com.example.personalfinance.dto.response,TransactionResponse,0,102,0,0,0,1,0,1,0,1
Personal Finance Backend,com.example.personalfinance.dto.response,NetWorthPoint,0,15,0,0,0,1,0,1,0,1
Personal Finance Backend,com.example.personalfinance.dto.response,ApiResponse,0,36,0,0,0,3,0,3,0,3
Personal Finance Backend,com.example.personalfinance.dto.response,CouponResponse,0,27,0,0,0,1,0,1,0,1
Personal Finance Backend,com.example.personalfinance.dto.response,AuthResponse,0,9,0,0,0,1,0,1,0,1
Personal Finance Backend,com.example.personalfinance.dto.response,StockLotResponse,0,36,0,0,0,1,0,1,0,1
Personal Finance Backend,com.example.personalfinance.dto.response,PortfolioResponse,0,21,0,0,0,1,0,1,0,1
Personal Finance Backend,com.example.personalfinance.dto.response,AccountResponse,0,27,0,0,0,1,0,1,0,1
Personal Finance Backend,com.example.personalfinance.dto.response,CashFlowResponse,0,24,0,0,0,1,0,1,0,1
Personal Finance Backend,com.example.personalfinance.dto.response,CashFlowResponse.Line,0,12,0,0,0,1,0,1,0,1
Personal Finance Backend,com.example.personalfinance.dto.response,PageResponse,0,18,0,0,0,1,0,1,0,1
Personal Finance Backend,com.example.personalfinance.dto.response,DashboardResponse.UpcomingItem,0,15,0,0,0,1,0,1,0,1
Personal Finance Backend,com.example.personalfinance.domain.user,User,0,9,0,0,0,3,0,1,0,1
